{"setupNumber": 8, "section": 2, "thetaWall": -0.4921828490624009, "mass": 0.15745, "energyCalibrationFactor": 0.79663558, "fits": []}